,Degree Distribution,Average Path Length,Diameter,Information Centrality,Closeness Centrality,Harmonic Centrality,Assortativity,Network Type
0,6.151408450704225,4.081344232797667,8,0.001875426161991048,0.24607835078694926,295.24009054325785,-0.013732821492752425,Erdos-Renyi
1,7.625320786997434,3.7046284144040684,6,0.0024648279810328554,0.27079012767460264,333.2865412033064,0.019756145692794755,Erdos-Renyi
2,6.837479270315091,3.9144691480357547,7,0.0020406979108465446,0.2564496196909198,325.9722538103118,-0.009809304109316188,Erdos-Renyi
3,7.987086359967716,3.6619101078179415,6,0.00250007111972329,0.2737633969819802,356.69456550981806,-0.014590653720496248,Erdos-Renyi
4,8.636993076162216,3.449095592051787,6,0.0032959834263006057,0.2908119074243958,310.1477415100557,0.004646037141655287,Erdos-Renyi
5,7.044164037854889,3.8751553011535234,7,0.002041616672547477,0.25897931282307496,345.61676055279946,0.009767252492414521,Erdos-Renyi
6,7.24685534591195,3.834419488443211,7,0.0021343891366835937,0.2615908301806501,350.0968703204532,-0.01633662503746456,Erdos-Renyi
7,7.766362883181442,3.695267105510833,6,0.0024441550753607397,0.2714592817122144,344.81800607566817,0.013353440533467816,Erdos-Renyi
8,7.36124031007752,3.8143636374570757,7,0.002127729606233482,0.26301381082036357,356.89514581026003,-0.006052280987475317,Erdos-Renyi
9,8.859566446748351,3.4404655629256844,6,0.0033211704383364704,0.29132625855414324,325.81058749607223,-0.02529345430613085,Erdos-Renyi
10,7.0561224489795915,3.83331451729628,7,0.0021671163150865343,0.2618962210202239,324.54897554259645,-0.012233051462800845,Erdos-Renyi
11,5.994241842610364,4.088926010535419,8,0.00194355297531401,0.24584731606739593,271.04455260030954,0.018776756550617533,Erdos-Renyi
12,6.760135135135135,3.9162416325877865,7,0.002097726431290222,0.2561986354520678,319.678812741311,-0.012972024364146208,Erdos-Renyi
13,8.290351668169523,3.5486111337172397,6,0.0029049591820211685,0.28254441230430105,330.0322212203177,-0.01395377678584445,Erdos-Renyi
14,6.952202436738519,3.810735153707243,7,0.0023344907866069083,0.2635449437701775,296.76519837550677,0.03119036464671097,Erdos-Renyi
15,9.126732673267327,3.380048867126554,6,0.0035943130162333324,0.2966077090058573,316.0265016501646,0.0021883184144716977,Erdos-Renyi
16,8.911968348170129,3.412382603245488,6,0.003484253292676933,0.29386066502056635,313.4436861193534,0.013938026646918766,Erdos-Renyi
17,7.7562231759656655,3.6740439213604117,6,0.002516646589033191,0.2730237758376754,334.8980257510717,-0.018839530408928253,Erdos-Renyi
18,9.257142857142858,3.3782831721821234,6,0.003489009925497616,0.2968703905931509,328.64390476190397,0.0424047358460115,Erdos-Renyi
19,7.933441558441558,3.6666974374123034,6,0.00247962179455793,0.2734857850965911,354.3744588744573,-0.0036406627069886103,Erdos-Renyi
20,8.339044183949504,3.549867672765981,7,0.0029250366595406133,0.2824685907846719,330.0153978272995,0.0063173269343632914,Erdos-Renyi
21,9.119447186574531,3.3801977455138537,6,0.003599700059374304,0.2965606026190222,316.84567291872287,-0.0020961998213880925,Erdos-Renyi
22,7.3702359346642465,3.733883237644049,7,0.002474108748864843,0.2687835618946843,312.297178290553,0.006537202290941323,Erdos-Renyi
23,6.69811320754717,3.9312818851728886,8,0.0020906443523598666,0.25530494569544515,313.9024054561774,0.00960455507168891,Erdos-Renyi
24,7.070121951219512,3.8898008874253502,7,0.0019831040012030588,0.25798903093356756,356.1033318815308,-0.004721674867907224,Erdos-Renyi
25,8.8131021194605,3.4388437076716407,6,0.003343398634742297,0.29157849942435526,319.1131663455357,0.026634860073758492,Erdos-Renyi
26,9.436241610738255,3.347763998358493,5,0.0036422225808519708,0.29944710275454545,329.2643016938312,-0.0012566249535424787,Erdos-Renyi
27,8.350535540408957,3.504203275688952,6,0.003169472873355945,0.2861206669064239,309.88276533592955,-0.015857776832169452,Erdos-Renyi
28,7.551724137931035,3.6609746421132674,7,0.0026740832263952344,0.27412499158954395,301.899197226783,-0.029169913588904847,Erdos-Renyi
29,7.351648351648351,3.7244403930930052,7,0.0024713054866208127,0.26949789582164907,310.26677568463197,0.0077547387041745465,Erdos-Renyi
30,7.267702936096718,3.7750599713689894,7,0.002337346741818898,0.2657369169538374,324.1454108068085,-0.03622776885521502,Erdos-Renyi
31,6.853948287910552,4.003374822242747,8,0.0017276932663541677,0.25073111304033946,377.31227746164535,0.024128068497705393,Erdos-Renyi
32,6.63341250989707,3.989079657144148,7,0.0018739970863207004,0.2516461509524785,334.82497832070044,-0.006903705192187617,Erdos-Renyi
33,7.5762081784386615,3.6749269473502206,7,0.0026780689080785126,0.272949227991387,309.5913657284468,-0.004236057787041611,Erdos-Renyi
34,9.008729388942774,3.4058045257220346,6,0.0034333915906214468,0.29441863367806903,320.14409957969565,-0.010142232642942782,Erdos-Renyi
35,7.095375722543353,3.907332639524532,7,0.0018838784242494625,0.2567883187318239,373.5817781447811,-0.003633798284131552,Erdos-Renyi
36,8.427745664739884,3.4979719548200214,6,0.0031536993375032994,0.2867275221489613,313.8437058445724,0.0041258146651244115,Erdos-Renyi
37,8.721126760563381,3.462019485333051,6,0.0032313279266404536,0.2895541696971273,325.0007511737083,-0.011320105541066963,Erdos-Renyi
38,6.525285481239805,4.0080047940872925,7,0.001890805670762662,0.250484398063738,323.705818379552,0.009143986510682583,Erdos-Renyi
39,7.801125703564728,3.624839468329678,6,0.002801250558342699,0.2766570947227454,310.8840838023759,-0.01857663678072582,Erdos-Renyi
40,6.8014440433212995,3.997484401410655,7,0.001760481846337768,0.2511351960527651,365.9321574694831,0.020810687026578158,Erdos-Renyi
41,5.624186046511628,4.246404226755013,8,0.0017314823564907064,0.23671561501154953,269.33876854927854,0.006832642052542866,Erdos-Renyi
42,8.451776649746193,3.5544442390872972,6,0.002802422643626823,0.28203219741116975,350.783107727015,-0.013821706788825865,Erdos-Renyi
43,7.340222575516693,3.800554731342321,7,0.002172999191433564,0.2639892623489902,349.3958021046237,0.007139857529498889,Erdos-Renyi
44,8.772893772893774,3.463015749908509,6,0.0031354143645111296,0.2895703657105212,333.1628815628806,-0.006294073696607344,Erdos-Renyi
45,8.69723018147087,3.462421084734496,6,0.0032964882917744715,0.2895164367307624,319.59293218720103,-0.009562443581968663,Erdos-Renyi
46,9.731075697211155,3.293074958391757,5,0.00394692861849929,0.3043727474849063,322.3258300132797,-0.014879171749676734,Erdos-Renyi
47,6.610169491525424,3.9346645214731746,7,0.0021140060885352072,0.2551706115162638,301.84276793678987,0.00792584311280283,Erdos-Renyi
48,6.228682170542636,4.223516717360766,8,0.0013957539696502449,0.23773546864445064,386.90104282022435,-0.00556506326155694,Erdos-Renyi
49,6.163695299837926,4.11821715361329,8,0.0017145307096287084,0.2439239062262562,317.46752913482817,0.015629288481112766,Erdos-Renyi
50,7.866906474820144,3.6316430204171497,6,0.0026882468090781327,0.2762204724358613,323.59721223021484,0.012430462654856986,Erdos-Renyi
51,7.9210314262691375,3.6723674975955913,7,0.0024329922340196072,0.2731508676072407,356.5315221979186,0.03697315729136911,Erdos-Renyi
52,8.223358908780904,3.5903389401464696,6,0.0026816990534125743,0.279416793192749,345.0193805058242,0.027449375210806256,Erdos-Renyi
53,7.8817733990147785,3.670671237922534,6,0.002458371768890222,0.27323980845101103,350.12394636015165,0.007006859710170453,Erdos-Renyi
54,6.800966962127316,3.9368524343011617,7,0.0020010046796006273,0.2548897045587981,333.19204558535546,0.0057408655853657415,Erdos-Renyi
55,7.555555555555555,3.678063125561751,7,0.002609095919792222,0.27288323449820123,308.23033657907536,-0.0009374069232640572,Erdos-Renyi
56,7.785507246376811,3.608747979330773,6,0.0028852856074836537,0.277861562715363,303.25429951690785,-0.04926716552937556,Erdos-Renyi
57,6.77995642701525,3.9898298035837936,8,0.0017651534985115324,0.2515905218102042,364.43632638240194,-0.011467909975667724,Erdos-Renyi
58,6.0432,4.184274139311449,8,0.0016719865726729111,0.23999162964817639,316.5067009523783,-0.015986634921566146,Erdos-Renyi
59,7.276033057851239,3.795403618864029,7,0.002253030020549962,0.2643046244243122,336.6387249114506,-0.0026751619403908825,Erdos-Renyi
60,8.810916179337232,3.433315266485998,6,0.003417382767220048,0.2919887898299119,315.92595841455443,0.014709386246686171,Erdos-Renyi
61,6.545316070068545,4.037983207326361,7,0.0017668244127194894,0.24866285692070084,343.8642113661888,0.001138334335622689,Erdos-Renyi
62,8.919324577861163,3.4350782619418827,6,0.003319356983768311,0.291831656529801,327.92023139462094,-0.022193941479088222,Erdos-Renyi
63,7.213569776407093,3.8545634750659166,7,0.0020723148163587558,0.260298365116118,355.18492858978374,0.007038497096171878,Erdos-Renyi
64,7.269629629629629,3.8607989457211103,7,0.001985191852047979,0.25994663137073953,368.9918447971756,0.022762134073863946,Erdos-Renyi
65,7.955473098330241,3.599366411543093,7,0.0027943212096161662,0.27871961227213515,316.69599787967076,-0.00043658685792093745,Erdos-Renyi
66,8.667266187050359,3.4874893964216565,6,0.0030683397865661796,0.28746936058519845,336.66264988009493,-0.003494076657570531,Erdos-Renyi
67,7.104354971240756,3.8440567832893655,7,0.002134881870958857,0.2611041303152242,334.65029541808326,0.002693878319579088,Erdos-Renyi
68,6.938474159146842,3.888396771964422,7,0.0020783815036259806,0.25807239073874677,331.3922418844468,-0.024929582774917768,Erdos-Renyi
69,8.927794263105836,3.409493590308586,6,0.0035132855212994993,0.29405748138768484,313.6070227497524,-0.007711249043919665,Erdos-Renyi
70,7.659113300492611,3.630332002215291,6,0.0028670776229702383,0.2762672188849535,295.8528078817732,-0.011715388680484913,Erdos-Renyi
71,8.959526159921026,3.4028557604891354,6,0.0035238977600288088,0.2946139335564758,314.79680816057873,-0.019937775834167393,Erdos-Renyi
72,8.306949806949808,3.5205174118217597,7,0.0031038326321008937,0.28486691691178995,311.24499908071294,-0.008806935716596057,Erdos-Renyi
73,7.062265566391598,3.8989983982482106,7,0.0019409286512575134,0.2573526981113446,360.8238381023802,0.00234220731983718,Erdos-Renyi
74,7.089051094890511,3.9073285951171135,7,0.0019099837894430746,0.25682903594690487,369.93356621480433,0.011245651906163062,Erdos-Renyi
75,7.1486725663716815,3.790535911645516,7,0.0023149390698691324,0.2647971456190325,315.41576906868823,-0.012210188782126444,Erdos-Renyi
76,6.325763508222396,4.087881079037615,7,0.001756743216988184,0.24557259671530995,330.4804116791562,-0.014802924952061666,Erdos-Renyi
77,6.196041470311028,4.028013799726139,8,0.001995895829157814,0.2494957409044811,279.8245927023012,0.022316987074374656,Erdos-Renyi
78,7.575642245480495,3.6630021294911876,7,0.002683584931330905,0.2739682977263777,303.73210547777575,-0.005721572207979569,Erdos-Renyi
79,6.967880085653105,3.9508810033649433,7,0.0018106450724841253,0.2539818166087621,374.10567621766467,-0.014755292939916316,Erdos-Renyi
80,6.330605564648118,4.051448264214222,7,0.001806246990483219,0.24787779286776887,319.34374171927135,0.0016618131743039086,Erdos-Renyi
81,6.699140401146132,4.028017582237011,8,0.0017252161044128658,0.2491915900612128,365.9525958520913,0.0061687980799334996,Erdos-Renyi
82,6.548571428571429,4.069253548452977,8,0.0016560149721089783,0.2467014897296295,363.3758316326498,0.007711446853073322,Erdos-Renyi
83,9.703849950641658,3.299909477191764,6,0.0038751733116193835,0.3037676808419057,324.5493583415591,-0.024784678128632553,Erdos-Renyi
84,9.375711574952561,3.362973054307653,6,0.0035755007467689432,0.298097261497285,331.22820999367406,-0.004760535265237449,Erdos-Renyi
85,8.075367647058824,3.5799979030250553,6,0.0028782430732854115,0.2800732737558987,321.0321997549013,-0.006202219456244889,Erdos-Renyi
86,8.450728363324764,3.547246241333645,6,0.002841293278362336,0.28261338652530604,347.0961439588676,-0.011543651923755158,Erdos-Renyi
87,7.220952380952381,3.74087430205638,7,0.0025658038819743956,0.26823118691190706,297.1489160997726,-0.003725830010673097,Erdos-Renyi
88,7.546031746031746,3.7626271795453685,7,0.0022602039828845994,0.2665632822218172,353.31818972033074,-0.019949439169375714,Erdos-Renyi
89,9.087396504139834,3.4146950144093684,6,0.003322542741166997,0.2935834201700871,336.2561790861689,-0.012921551430868077,Erdos-Renyi
90,7.4347477982385906,3.7828172794645973,7,0.002247369403046942,0.265136383802445,348.43071028250995,-0.00916725172793,Erdos-Renyi
91,7.601455868971793,3.6722753422137364,7,0.0026247940636594347,0.2731489459300202,316.28565795744964,-0.004081305561143878,Erdos-Renyi
92,8.109125117591722,3.5599119855860453,6,0.0029430388345236622,0.28169682503242416,315.5925054876131,-0.0039655160225598165,Erdos-Renyi
93,8.528942115768464,3.462324103042666,6,0.003326827910652084,0.28960841817631294,306.11064537591466,-0.004528534304546745,Erdos-Renyi
94,7.390243902439025,3.7826112842088553,7,0.0022510797473194416,0.2652094380015802,343.3198451413068,-0.0063942354095795455,Erdos-Renyi
95,7.8628963153384746,3.6539013847060606,7,0.0025520306073324186,0.2745003608947755,337.2400048965589,-0.0047290699323840925,Erdos-Renyi
96,6.733798604187438,3.8463113653052816,8,0.0024265432695455193,0.2610386651958136,276.71209229454445,-0.0022370203820194327,Erdos-Renyi
97,5.928,4.075293293293293,8,0.0019885890238851792,0.2466380747241984,261.06335238095147,-0.0015289955302734762,Erdos-Renyi
98,7.285939968404423,3.8130690794197903,7,0.0021137906499275774,0.26319042620668454,350.5449635146298,0.010284369743262804,Erdos-Renyi
99,6.932773109243698,3.9716609839450845,7,0.001772954656367693,0.2526414178828843,379.2232459650494,-0.001456877321566394,Erdos-Renyi
100,567.0803167420814,1.6790716939773167,2,0.16021994238862905,0.5955929306063766,1167.0401583710407,-0.0013619064223272914,Gilbert
101,1282.497807017544,1.2964905062986594,2,0.351804939190923,0.7713658450757722,1552.748903508772,-0.0011502139044637083,Gilbert
102,660.578947368421,1.6589680189115017,2,0.17030026813487564,0.6028108810989264,1298.7894736842106,-0.001475793416177826,Gilbert
103,793.6146953405018,1.288237941398653,2,0.3559680262431468,0.7763448442244225,954.3073476702509,-0.0008506770571688357,Gilbert
104,527.4774566473989,1.6949233911813772,2,0.15227979279548093,0.5900214216119193,1128.2387283236994,-0.002921548391932594,Gilbert
105,1091.5710455764074,1.2678933295932882,2,0.3661422892554773,0.7887736558967212,1291.2855227882037,-0.0019086768400935665,Gilbert
106,752.865692414753,1.475720269906161,2,0.2620251516078169,0.6776921416350602,1094.4328462073765,-0.0024406198774361986,Gilbert
107,22.38568935427574,2.6136948718534945,4,0.008999738862906453,0.3828684693339773,462.92233856893085,0.004733104008745634,Gilbert
108,1356.7571721311476,1.304583714950719,2,0.34774774135330555,0.7665784939972663,1653.8785860655737,-0.0004885315928587549,Gilbert
109,61.98580786026201,2.084750977226275,3,0.016474837593320763,0.47982241528892294,910.2987627365383,0.0005064666134583399,Gilbert
110,212.27403482210445,1.8391863372559816,2,0.07991546613024883,0.5437347981483106,766.1370174110523,0.0010353617475725887,Gilbert
111,668.7836411609499,1.558558652699043,2,0.22053917203143805,0.6416628042862543,1091.891820580475,-0.0008342178295658783,Gilbert
112,1507.7286549707603,1.1177714131241894,2,0.44131302754835977,0.8946792016279308,1608.36432748538,-0.000817282759873802,Gilbert
113,488.0727630285152,1.5196134222160282,2,0.23998547924723612,0.658130732697325,752.0363815142576,-0.002934653057320888,Gilbert
114,915.5521557719054,1.3628725429562245,2,0.3185619912249856,0.7338096171109219,1176.2760778859526,-0.0018473599198052884,Gilbert
115,416.5335968379447,1.5879984205361577,2,0.2056937907194731,0.6297837901280371,713.7667984189724,-0.0007827555425087688,Gilbert
116,680.8554112554112,1.4100039763817926,2,0.29494552459703216,0.7092906366401341,917.4277056277057,-0.0012468856771077658,Gilbert
117,660.8096774193548,1.4666588559972924,2,0.2665456320119711,0.6818900423261605,949.9048387096774,-0.002913027585679827,Gilbert
118,1146.954480796586,1.1836622912479815,2,0.40834166223295737,0.8449039730988231,1275.9772403982931,-0.002259150860927326,Gilbert
119,397.72727272727275,1.6149784387925723,2,0.19218429043724083,0.6192554503188087,715.3636363636364,-0.0036022539145235074,Gilbert
120,986.2522255192879,1.2678157197332682,2,0.36619157042002487,0.7888278772794977,1166.626112759644,-0.0014530942081819207,Gilbert
121,1426.6185332575326,1.1884991278398562,2,0.40588518109583427,0.8414518979420277,1592.3092666287664,-0.000820448300123803,Gilbert
122,514.1815038893691,1.5552063115143866,2,0.22217426681032823,0.6430562426111797,835.0907519446845,-0.000802699093290868,Gilbert
123,146.78108581436078,1.871357505859456,2,0.06369993445207801,0.5343867688185947,643.8905429071804,-0.0028414669736423434,Gilbert
124,990.3864541832669,1.0125758183616482,2,0.49419340148305757,0.9875921195957051,996.6932270916335,-0.0017901312451275091,Gilbert
125,953.640408899579,1.4262091402529609,2,0.2868464137436399,0.7012085663064904,1307.8202044497896,-0.0009392079615737123,Gilbert
126,386.9693637077769,1.6957788021165277,2,0.1517569834914804,0.5897325533844946,829.4846818538884,-0.003466421561385233,Gilbert
127,736.0876158382476,1.379352769107717,2,0.31029796699645595,0.7250578122748197,961.0438079191239,-0.0005225418584440001,Gilbert
128,472.38772378516626,1.7582457913074891,2,0.12059458550121685,0.5687664190105847,1213.193861892583,-0.001443837140116743,Gilbert
129,273.75735950044606,1.755573786160316,2,0.12174810004200207,0.5696426732940058,696.878679750223,-0.0003383724279861242,Gilbert
130,120.27037392138064,1.8845773762750666,2,0.05700287126139586,0.5306384423001572,581.1351869606904,0.0010693485468597991,Gilbert
131,1747.7537046499745,1.1064653861707696,2,0.4469482057779324,0.9038145067462755,1851.876852324987,-0.0007754207370834744,Gilbert
132,1319.6116229624379,1.0641052319415334,2,0.4682396953483487,0.9397914267001926,1364.805811481219,-0.0015636015899221875,Gilbert
133,1043.8994285714286,1.4031449808053582,2,0.29839612168918056,0.7127346042707229,1396.4497142857142,-0.0019145561309186832,Gilbert
134,673.0736842105263,1.3552934059286146,2,0.3223669110497882,0.7379333325268991,858.5368421052632,-0.0012478106231484998,Gilbert
135,392.94777350192413,1.7838571102849703,2,0.1077619292580121,0.5605985515240031,1105.473886750962,-0.0025109785348144246,Gilbert
136,291.32941176470587,1.8094640864848228,2,0.09486604923355448,0.5526668271905468,910.1647058823529,-0.0031247028472639496,Gilbert
137,1194.8510638297873,1.0913680122967397,2,0.4546006574287718,0.9163296432882434,1254.9255319148936,-0.0014853387852075703,Gilbert
138,581.1669941060903,1.4285476950775906,2,0.285639151279812,0.7000933828681114,799.0834970530452,-0.001656932414078569,Gilbert
139,318.6077519379845,1.7528256385275527,2,0.12316600643327905,0.5705348379989709,803.8038759689922,-0.001220226462985018,Gilbert
140,352.32681242807826,1.7971636082739906,2,0.1010778283756421,0.5564481273850254,1044.663406214039,-0.0016878117190786978,Gilbert
141,10.135753749013418,3.3456735630808057,5,0.0032746909846637774,0.29951450536999424,399.05482767692433,-0.019913549737882955,Gilbert
142,1395.615166949632,1.209730936042111,2,0.39525345053139466,0.8266840842573576,1580.807583474816,-0.0017278478631487847,Gilbert
143,884.8027801911381,1.2306062780946625,2,0.3848556247902725,0.8126903800365075,1017.4013900955691,-0.00272956800105106,Gilbert
144,485.14503816793894,1.5366332013677757,2,0.2314475731167637,0.6508414821400778,766.0725190839695,-0.002809617327708882,Gilbert
145,1089.7980406932932,1.178131191030699,2,0.4111270563631707,0.8488687635449537,1207.8990203466465,-0.0016306439955322734,Gilbert
146,1340.652883569097,1.2701944019765397,2,0.3649728696869272,0.7873332529298647,1588.8264417845485,-0.0011656830212404359,Gilbert
147,87.51423487544484,1.9230882581291215,3,0.03827056757205896,0.5200079677135223,605.0667259786477,-0.00011373964212187488,Gilbert
148,1305.8517734250927,1.3083412217028112,2,0.34586767919137024,0.7643785283599271,1596.9258867125463,-0.00021669668049273052,Gilbert
149,478.66548358473824,1.5748974390899304,2,0.2122953832907984,0.6350164745964985,802.3327417923691,-0.0007890515398783145,Gilbert
150,530.4526143790849,1.5662693259369707,2,0.216647807170849,0.6385085352559244,876.7263071895425,-0.004437803657496108,Gilbert
151,174.17176702862784,1.8278935108412768,2,0.08541675289305438,0.5471010395296126,593.0858835143139,-0.006737368293683188,Gilbert
152,8.56303317535545,3.485572452494222,6,0.0031945200856288423,0.2876456984125751,319.91466034755075,-0.0009469489077748514,Gilbert
153,83.0530303030303,1.9226267413471205,3,0.038628805848048314,0.5201340127548161,568.7891414141415,-0.00044522405987689227,Gilbert
154,238.99862637362637,1.8357397756882292,2,0.08168922806819266,0.5447542673179129,846.9993131868132,6.750196667673836e-05,Gilbert
155,31.013557133634603,2.506751876262588,4,0.009470298328780574,0.399179524172892,653.5960834947296,-0.00288036208149172,Gilbert
156,1253.9346545259775,1.3280092955380614,2,0.3360207262675371,0.7530578116632111,1559.9673272629886,-0.0012679236827462855,Gilbert
157,815.1646153846153,1.3724675786107656,2,0.3137526797717054,0.7286865913100954,1057.0823076923077,-0.002345299409102486,Gilbert
158,66.68197088465845,2.042275275171659,3,0.018216761797735112,0.48975192640572235,902.1504292646526,-0.0040754531672748204,Gilbert
159,1262.9407713498622,1.1296066358719075,2,0.4354215330241356,0.8853127994195426,1356.970385674931,-0.0015122342031320523,Gilbert
160,515.6126709863211,1.6285211304133134,2,0.18547159316551434,0.6140940292069064,951.8063354931605,-0.0024628862348468413,Gilbert
161,204.69519832985387,1.8931095570079093,2,0.05307001580669031,0.5282385222480662,1059.847599164927,-0.002399303197835376,Gilbert
162,1541.4496221662469,1.0287021914516403,2,0.4859394360811774,0.9721139229589659,1564.2248110831233,-0.0008476259228817877,Gilbert
163,974.066225165563,1.2827200109237387,2,0.3587183604617792,0.7796670144455656,1166.0331125827815,-0.0019153823851480306,Gilbert
164,1046.3947368421052,1.1387697639159629,2,0.4308696166696937,0.8782069536217672,1130.6973684210527,-0.0022910049325650405,Gilbert
165,1650.446255731024,1.1587939573236372,2,0.4207462594527566,0.8630102663844483,1806.223127865512,-0.0008918143766174894,Gilbert
166,831.4064719810576,1.3432808278190698,2,0.3283801545927276,0.7445202273713263,1048.7032359905288,-0.0004777468118243408,Gilbert
167,737.9587628865979,1.5771009954804596,2,0.21128498372926655,0.6341093666578422,1241.479381443299,0.00010761469854498615,Gilbert
168,1001.8077669902913,1.026425882419542,2,0.4872372095792524,0.9742785277688895,1015.4038834951456,-0.002003408175350705,Gilbert
169,131.7848443843031,1.9107780739035989,3,0.044104234813241654,0.5233547542345588,804.3917456021651,-0.003479101384524124,Gilbert
170,1097.9957894736842,1.228935541099941,2,0.38566344029681404,0.8137777700987017,1260.997894736842,-0.0006170575314013557,Gilbert
171,727.5356711003627,1.5598695274649954,2,0.2198953269806906,0.6411205301530323,1190.2678355501814,-0.0001999211469755158,Gilbert
172,774.265726681128,1.5798883740200065,2,0.20989496652113276,0.6329894454741618,1308.632863340564,0.0002743120987980657,Gilbert
173,372.4277108433735,1.775510722818943,2,0.11189420669983098,0.5632378466899622,1015.7138554216867,-0.0009577148942510276,Gilbert
174,809.2732558139535,1.4114376321353066,2,0.2942379044033445,0.7085574970844563,1092.1366279069769,-0.0033100173682619085,Gilbert
175,1680.3970998326827,1.062278404111226,2,0.46909199980066035,0.9413999837312942,1736.1985499163413,-0.001076351417527116,Gilbert
176,436.1619565217391,1.7628265598032957,2,0.11827656220495901,0.5672900224537634,1137.5809782608696,-0.0023959691861809938,Gilbert
177,688.7389993972272,1.584596502172963,2,0.207521008907525,0.631111512930804,1173.3694996986137,-0.001597520557466913,Gilbert
178,1579.992545260916,1.1582351916564113,2,0.421033574434317,0.8634270970080046,1728.496272630458,-0.0012633116616144913,Gilbert
179,1170.1512247071353,1.3765843235444137,2,0.31169640930115144,0.7264847541332432,1523.5756123535675,-0.0008776354002062334,Gilbert
180,779.8296146044624,1.4723750916072649,2,0.26370399361314684,0.6792305799183191,1128.9148073022313,-0.0011596636212923197,Gilbert
181,418.75753920386006,1.7472796987303199,2,0.1260486770352272,0.5723386392981861,1037.8787696019301,-0.0008538524912831541,Gilbert
182,198.0983606557377,1.858703023783354,2,0.0701536052576098,0.5380233874283259,800.0491803278688,-0.002753022011917523,Gilbert
183,1064.3173996175908,1.3212261482030672,2,0.3394266669737091,0.7569307655871733,1316.1586998087955,-0.0007544406353795452,Gilbert
184,719.3207792207792,1.5326050817278887,2,0.23355141064769305,0.6525270757695071,1129.1603896103895,-0.0015222452567796056,Gilbert
185,1165.6733481811432,1.1339722524657183,2,0.43324818710475343,0.8819152583809913,1255.8366740905717,-0.0011267609630982922,Gilbert
186,393.46153846153845,1.7634025625607106,2,0.11797198861519245,0.5671047723486692,1028.2307692307693,-0.001176903001178749,Gilbert
187,654.0919409761634,1.6285678926881526,2,0.18550954229909247,0.6140669466758022,1207.5459704880818,-1.8668455418806773e-05,Gilbert
188,221.71057513914656,1.862802861918845,2,0.0681718097802738,0.5368367727478265,918.8552875695733,-0.001996427495125138,Gilbert
189,1002.0016863406408,1.1544289566745647,2,0.4230292594850692,0.866298880720667,1093.5008431703204,-0.0021644324677278465,Gilbert
190,1022.9954751131222,1.2279279433108512,2,0.3861782188688911,0.8144501504712768,1173.997737556561,-0.0025248252539922878,Gilbert
191,1360.9531866892273,1.2319677276020162,2,0.38411808289865274,0.8117633427093371,1566.4765933446135,-0.0015898722174591971,Gilbert
192,524.2821256038648,1.4929573253347537,2,0.2533660086992182,0.6698771953571455,779.1410628019323,-0.0025845290549690704,Gilbert
193,632.9470802919708,1.4219661367196614,2,0.2889418382883447,0.7033297436231429,863.9735401459855,-0.0030030061722988765,Gilbert
194,395.29913661757234,1.7991366175723718,2,0.10012302964302013,0.5558365017130131,1181.6495683087862,-0.003139106665921815,Gilbert
195,101.65687583444593,1.9330837910801577,3,0.03340869242394932,0.517315907028352,799.0812194036492,0.0044621057275685645,Gilbert
196,980.835485682201,1.4489688282684263,2,0.2754554593117759,0.6901887973237367,1380.4177428411006,-0.001503415967913271,Gilbert
197,1496.777923784494,1.0159250994184785,2,0.49235173959934947,0.9843344427084109,1508.8889618922472,-0.0014350365428022686,Gilbert
198,378.4505649717514,1.732543770337985,2,0.13337019011696327,0.5772124666664243,896.7252824858757,-0.001894081600950607,Gilbert
199,348.951241950322,1.6786820976516372,2,0.1602675564327982,0.5957462342338038,717.475620975161,-0.0019055319007708945,Gilbert
200,1442.8133411351669,1.1552615098740242,2,0.4157042540932876,0.8745938461591009,1575.4066705675834,-0.08374308421751332,Random Geometric
201,57.13364674278039,5.35931418213855,13,0.015663769057745115,0.1904843726654448,372.9607926995765,0.5842404819830922,Random Geometric
202,858.5745511319282,1.329421594457455,3,0.32158517594205216,0.7629734100020484,1069.248243559719,-0.05549776258782836,Random Geometric
203,1297.9967914438503,1.3055332858373176,3,0.3343241834920285,0.7768020880617339,1583.4919786096257,-0.059284714932091385,Random Geometric
204,158.20194384449243,3.482405167716242,9,0.03903805710565931,0.2930345742539316,678.1395496931702,0.6339667328703221,Random Geometric
205,39.659413434247874,5.509236762134113,13,0.014466384505288666,0.18547386686604697,258.8438555137694,0.41974171883441364,Random Geometric
206,40.17252002464572,6.7589407203630305,17,0.00927493376386661,0.15098407648015252,329.15499976416766,0.5221801142915912,Random Geometric
207,700.8807947019867,1.7182035707712129,4,0.1801706548850216,0.5902885785461621,1224.2158756438573,0.24102227774947974,Random Geometric
208,1246.0404624277458,1.099030757463669,2,0.44674680034098485,0.9161344308699261,1314.5202312138729,-0.07474107793673034,Random Geometric
209,519.8275261324042,1.588046684427487,3,0.21322950679070193,0.6368929478834149,825.5275842044138,0.12927558596176839,Random Geometric
210,23.154761904761905,9.183976431549391,24,0.004159984455492969,0.11179587447331597,256.38439377216656,0.6022177607493102,Random Geometric
211,1546.7483731019522,1.160744235972896,2,0.412531677866209,0.8708252047752386,1694.8741865509762,-0.08398939552899275,Random Geometric
212,1010.6138237159163,1.35959976695454,3,0.3066296740183876,0.7455097436640907,1293.0830691185795,-0.03432469576249938,Random Geometric
213,1695.5379713223579,1.0990765295842944,2,0.4467892465584844,0.9158875396017078,1788.768985661179,-0.06959806672325126,Random Geometric
214,825.911426040744,1.2678090194674254,2,0.3545123445174687,0.7996400803492271,976.9557130203721,-0.06476189362818903,Random Geometric
215,1146.575976845152,1.1697494736820044,2,0.4073100688090543,0.8646640489007817,1263.787988422576,-0.08191743489002708,Random Geometric
216,941.1940532081377,1.262964719492453,2,0.35668032717064646,0.8031406717752074,1109.0970266040688,-0.07654464453100954,Random Geometric
217,80.79492600422833,4.288871262564968,11,0.024834244667670573,0.23809329016470518,432.1667831033566,0.5768842038019191,Random Geometric
218,281.38615664845173,2.0847766636280767,5,0.12036309033217937,0.4864525446015178,629.4664541590769,0.34935792005132515,Random Geometric
219,1351.0213371266002,1.0384189771340924,2,0.48008808992708873,0.9650452860995979,1378.0106685633002,-0.044739663664098095,Random Geometric
220,1599.906120023767,1.0488073008182122,2,0.47442137177502186,0.9562000115859637,1640.9530600118835,-0.04953817347569292,Random Geometric
221,42.923933209647494,5.408578422505999,13,0.01534313354335457,0.18831391678366557,269.19587106358824,0.5783733726059778,Random Geometric
222,338.017843866171,2.0993726765799257,5,0.11764087150229101,0.4834426763256327,766.1722676579948,0.39433549873024354,Random Geometric
223,1468.0063795853268,1.2191455427737623,2,0.3809584496148772,0.8308290216904076,1674.0031897926635,-0.08067111718976318,Random Geometric
224,1391.560814529444,1.2337220184309228,2,0.37228790270236733,0.8216713108701797,1603.780407264722,-0.07537767692365631,Random Geometric
225,1139.7010804321728,1.3156772618957493,3,0.3288246934381571,0.7709153288373879,1402.2999199679873,-0.054789399723546545,Random Geometric
226,104.23813488759367,3.4977935054121567,9,0.03891071174499453,0.2915993347897148,438.95534409156124,0.5633748524102976,Random Geometric
227,46.73699421965318,5.724691652142657,14,0.013410006452889903,0.17838628304314952,326.2649997481636,0.47452967540197677,Random Geometric
228,53.24888226527571,5.348669887343009,13,0.016109655975221602,0.19086464643866288,337.6046738077281,0.4292871287674237,Random Geometric
229,229.1412213740458,2.2420674847073063,5,0.10103668740730294,0.4535854325774129,564.6312659033067,0.45689352816163337,Random Geometric
230,1529.920781893004,1.2125986711821903,2,0.3838399467240494,0.8355038626730711,1736.460390946502,-0.08185262655981228,Random Geometric
231,640.2172808132148,1.6750008683703959,4,0.19030074443880268,0.6049150315977913,1085.114464210082,0.2060821451301316,Random Geometric
232,704.7970204841713,1.343675210560204,3,0.3141253153441863,0.7545348142771854,888.8050900062073,-0.03287558657807315,Random Geometric
233,1000.8757763975156,1.4979145960052451,3,0.24384794932775378,0.6756265731687094,1460.713077984817,0.06962804978442357,Random Geometric
234,1165.9754098360656,1.0434984332764023,2,0.4773981206697309,0.960715815438048,1192.4877049180327,-0.05212086978376708,Random Geometric
235,179.3458904109589,2.647404068504889,6,0.07046327890404624,0.38469981801902803,544.8862157534229,0.5331242913697235,Random Geometric
236,855.1080669710807,1.6212749847406687,4,0.20365311076503453,0.6242478797115453,1394.3841535599524,0.16043448538588342,Random Geometric
237,147.8544262295082,3.298403683146164,8,0.043976213857909556,0.30911266633031104,586.5438454332544,0.6025551449600587,Random Geometric
238,1014.6509357200977,1.1737370230292365,2,0.4054331344136487,0.8616756529084547,1121.3254678600488,-0.08192530374142849,Random Geometric
239,25.343915343915345,9.427378781640297,25,0.00411715327389166,0.10849184878665734,282.44062083956584,0.5616947078857972,Random Geometric
240,32.20431893687708,6.610250398367316,17,0.00937652973211535,0.15462139275331951,249.89066522377826,0.5315244023514074,Random Geometric
241,298.4598337950139,2.0139255132675546,5,0.12735279374306327,0.50455596242179,639.8075407817788,0.3956980906741755,Random Geometric
242,136.16472416472416,3.172466379309303,7,0.04810626958642733,0.3213949840817052,512.7022311022288,0.5565272199108244,Random Geometric
243,489.33369330453564,2.0457099250536457,5,0.12357356125685588,0.49610515027392404,1078.0362311015172,0.3871592401871057,Random Geometric
244,969.4661246612466,1.3433337926599604,3,0.31399522187587375,0.7550619189418006,1222.085817524842,-0.04179102423529112,Random Geometric
245,610.3428571428572,1.4662086684539768,3,0.25670328487073013,0.6907162557006467,862.4997023809525,0.05068690618693766,Random Geometric
246,624.0333141872487,1.783577941069672,4,0.1660640182257675,0.5693000043796794,1140.9830557151088,0.29075239994995095,Random Geometric
247,119.3641807294502,4.038925120644036,10,0.029200401107054904,0.252418146486744,590.9830602863548,0.5521836123502234,Random Geometric
248,329.7616060225847,2.296163973343226,5,0.0969270347323499,0.4423251887838832,840.5781890422462,0.42277272343961536,Random Geometric
249,659.7418147801684,1.3837392221369686,3,0.29426045107500565,0.7323451767337992,863.6083567196756,-0.023920317679784697,Random Geometric
250,529.113155473781,1.53695354948233,3,0.22937704360608502,0.6580267362748337,803.182459368292,0.09107290600427209,Random Geometric
251,656.5642973412914,1.7832812832309122,4,0.16686177336047742,0.5685545665860356,1206.5500090432286,0.2696315045178694,Random Geometric
252,999.8714969241285,1.316250457009331,3,0.32805860736091663,0.7708757234952225,1230.8974709501026,-0.059520503281058915,Random Geometric
253,309.1569721115538,2.1250716432515553,5,0.11417740784149355,0.47812902858040607,708.3682602921657,0.4184897668655883,Random Geometric
254,1254.6519499632082,1.076103129629449,2,0.45937985481289384,0.9340841893542967,1306.325974981604,-0.06727834514901761,Random Geometric
255,986.574568288854,1.4994298645757136,3,0.24278664930099433,0.6750667008053692,1443.206349206349,0.06414799280083912,Random Geometric
256,377.12702960840494,1.7821345152589296,4,0.16595019525647667,0.5700445462966683,686.8457497612228,0.2892607432529681,Random Geometric
257,730.2888283378746,1.6904560838416944,4,0.18672951362527399,0.5991353847998321,1255.0661217075397,0.2064592111629953,Random Geometric
258,1261.6602409638554,1.2395055810947224,2,0.36924106937802864,0.8180491475861266,1460.3301204819277,-0.08089947503517027,Random Geometric
259,1208.1544172234596,1.1024112799231356,2,0.44505692445145184,0.9133200946800757,1277.0772086117297,-0.0714030956432511,Random Geometric
260,254.0067385444744,2.5215351703856648,6,0.07956843426810076,0.4034238318979862,722.5761006289332,0.4757226314836135,Random Geometric
261,889.9682768565249,1.3587133046397646,3,0.3066673905595033,0.746124194820036,1137.7933189137227,-0.03421386637539174,Random Geometric
262,969.7435406698564,1.071126876753011,2,0.4624029911459182,0.9378649749682663,1006.8717703349282,-0.0640841763248325,Random Geometric
263,208.80907668231612,2.6018936204891405,6,0.07619339182993494,0.39027464836305653,606.5170318205526,0.39578116392301915,Random Geometric
264,1482.6127562642369,1.1552064066870444,2,0.4156615812501662,0.874733333818854,1618.8063781321184,-0.08550931669348592,Random Geometric
265,1629.8393322900365,1.1493531668632377,2,0.41887904022858874,0.8788551968154713,1772.9196661450183,-0.08291457358839083,Random Geometric
266,1468.834577114428,1.085977238883368,2,0.45395814026718734,0.9262826452053928,1537.9172885572139,-0.07548369465900517,Random Geometric
267,44.06948640483384,6.98065907194188,18,0.008404292206659504,0.14675510746570522,389.4041249026354,0.663588989971411,Random Geometric
268,750.6090534979423,1.7175584402381452,4,0.18058540445671176,0.5901945571701748,1313.2063614540473,0.2349358429746479,Random Geometric
269,651.9719789842381,1.4327831763393097,3,0.2716709707961149,0.7062002649619182,895.689725627554,0.008262367353885709,Random Geometric
270,327.5921375921376,2.0372256011600274,5,0.12538612824261242,0.49800653525451494,713.7868140868152,0.3611192690080602,Random Geometric
271,661.8406304728546,1.4240787952927887,3,0.2756381329808474,0.7108106389688817,900.634559252773,0.008384924984473238,Random Geometric
272,852.3031012287888,1.5226778468584146,3,0.2342558733621488,0.6646498032384489,1273.978740003901,0.08640189749870704,Random Geometric
273,378.321044546851,1.9641903722883614,4,0.1359929281637072,0.5163818121587163,785.5624679979536,0.33264904139162493,Random Geometric
274,1631.3875847678664,1.1485451018956856,2,0.41905941326891005,0.8797105418297884,1773.6937923839332,-0.08694489668676246,Random Geometric
275,1248.467958271237,1.0690022682541112,2,0.4634558616537733,0.9395904530680829,1294.7339791356185,-0.06161036056986763,Random Geometric
276,378.84087102177557,1.8871937221733142,4,0.1483265507382892,0.5375902670241585,745.7456728084879,0.31802060336791965,Random Geometric
277,1472.1392757660167,1.1794095452809272,2,0.40215352674657295,0.8579346335662438,1633.0696378830085,-0.08635880050919763,Random Geometric
278,467.4,1.6982533316082287,4,0.1851517421289023,0.5968432882022894,804.5991525423736,0.2287126967832341,Random Geometric
279,617.6668555240793,1.7990280909342018,4,0.16389944339910273,0.563651521116092,1147.1918791312585,0.2750353146820715,Random Geometric
280,390.04371584699453,1.9224897540983608,4,0.14357193030004642,0.5272597625577318,787.2252146760362,0.3271475829548108,Random Geometric
281,914.3187066974596,1.2956677591272652,3,0.3391691185421258,0.7830560341785254,1106.1434436746215,-0.06477444809321654,Random Geometric
282,86.36344200962053,4.733932782091992,12,0.02011343051588983,0.2159194866020518,521.1195073202827,0.6483480845332492,Random Geometric
283,304.36617100371745,1.9901564796403561,5,0.13099824813541897,0.5103575469629282,642.1163568773231,0.3904932687255803,Random Geometric
284,1361.508559919436,1.31422324026371,3,0.3293928572498142,0.771803725908368,1673.2139979859014,-0.05394658230414254,Random Geometric
285,91.4327597195666,4.2984043521806425,11,0.025707045902506612,0.23725723122495887,478.3122371856587,0.5453049204751919,Random Geometric
286,1512.256626506024,1.088452907470751,2,0.45262644789232387,0.9242262163285724,1585.628313253012,-0.06899369089803485,Random Geometric
287,249.8143582306019,2.4642938710556757,6,0.08505160624977277,0.41216711751772517,685.3340826686018,0.3850331744716592,Random Geometric
288,561.9346733668342,1.5607220230799148,3,0.22092741608309482,0.648208430147518,871.1546621998885,0.1134915962416312,Random Geometric
289,232.9835111542192,2.2094978011733355,5,0.10409932730852936,0.46020685186675975,562.5898480439689,0.4457651274036912,Random Geometric
290,31.601932367149757,6.146654332408264,15,0.01080896232705716,0.16648495821628737,229.80759586092842,0.6782656698599778,Random Geometric
291,759.9370078740158,1.464281831923914,3,0.25702790984206964,0.691203858949363,1075.9560963970414,0.03366181430297488,Random Geometric
292,96.52916224814422,4.563742331460912,11,0.022569587373627582,0.22344129883187624,544.3275262089162,0.5582516753002145,Random Geometric
293,761.6076610562972,1.6067072328131455,3,0.2069179792762213,0.6299781682797411,1227.7442445347272,0.1482532498651551,Random Geometric
294,1249.1399688958008,1.0279066389915945,2,0.48576099528153144,0.974212475662281,1267.0699844479004,-0.03666095815070139,Random Geometric
295,1547.5684340320593,1.0453001640764594,2,0.47633566773712915,0.959163171493765,1584.2842170160295,-0.050601390449810865,Random Geometric
296,1625.035734543392,1.077732273244386,2,0.4584576789083131,0.9327626613541657,1693.5178672716959,-0.06869902376538937,Random Geometric
297,1019.9954128440367,1.2195903497750293,2,0.3805676698172244,0.8305780486152844,1163.4977064220184,-0.07979975914408761,Random Geometric
298,712.06457925636,1.302669383264556,3,0.3356942220170593,0.7786339965226905,866.5172863666015,-0.06041298912093033,Random Geometric
299,1473.823877068558,1.1284305871859504,2,0.43041413510532567,0.8941360475305629,1582.411938534279,-0.08396732449691219,Random Geometric
300,4.0,6.208247916587869,11,0.0009048601086569588,0.16159349304609702,218.028345014771,-0.08886465718909393,Watts Strogatz
301,6.0,4.618257684362003,7,0.0011720911582264713,0.21683419757019795,436.1509394571958,-0.07128673382356178,Watts Strogatz
302,8.0,3.95894094579289,6,0.0020674149009750555,0.25287965062072154,417.4078768577456,-0.04974877274882027,Watts Strogatz
303,4.0,7.415911852239921,14,0.0007075126701986766,0.1354548471224677,196.49467639325758,-0.033154868851576716,Watts Strogatz
304,4.0,5.883912533586687,11,0.0009358661427622461,0.17047313289812438,231.32423516385467,-0.06233180818641976,Watts Strogatz
305,8.0,3.756984614096637,6,0.002640245752847586,0.26645375771608115,347.0322285098341,-0.06641533514824136,Watts Strogatz
306,6.0,5.290545389944928,9,0.0014839413415040706,0.1895081160220639,263.4503803418768,-0.035701687893551125,Watts Strogatz
307,6.0,4.7032292746971756,7,0.0011400369488099992,0.21291897395177584,438.1050511679851,-0.05858694078984641,Watts Strogatz
308,6.0,4.291818940139225,7,0.0017875521959735921,0.23336218041869586,311.97824256774214,-0.054605884108502326,Watts Strogatz
309,2.0,49.224483060864024,117,1.234145200045336e-05,0.02124792247908359,53.4417210656689,-0.17355550680657417,Watts Strogatz
310,4.0,8.512150398109059,16,0.000569803803776253,0.11823618590649294,181.35722681283548,-0.04881074385062897,Watts Strogatz
311,8.0,3.9338800258736906,6,0.0016436028884338012,0.2544855209605483,530.4283324970686,-0.05607341142811593,Watts Strogatz
312,2.0,95.24812708981267,255,6.379050627515384e-06,0.010938853322558197,33.54919170656107,-0.03275550450955705,Watts Strogatz
313,8.0,3.995103103224761,6,0.002870764741313943,0.250669557336023,289.73461891643586,-0.02695278354275309,Watts Strogatz
314,8.0,3.8182881744583277,6,0.0025870561489180505,0.2622012238831329,347.5959194488588,-0.03226934816644403,Watts Strogatz
315,4.0,6.662885613733809,12,0.0008069336368513951,0.15065618854458798,215.48251957158587,-0.048718473745177945,Watts Strogatz
316,8.0,3.799718867324667,6,0.0021887844316503514,0.26347116168509055,413.8358940102397,-0.047483055651944404,Watts Strogatz
317,4.0,9.074524711312126,19,0.000511595428125696,0.11120228347058024,179.56379422771886,-0.021692607384070233,Watts Strogatz
318,2.0,50.564131754564116,124,1.1706371912481104e-05,0.02068303367938889,53.627378674712304,-0.14320897755172107,Watts Strogatz
319,6.0,14.711087802717758,31,0.0005220673647409112,0.06907839954069415,98.22525078626752,0.03200614503712186,Watts Strogatz
320,6.0,5.08283929543772,9,0.001724504134021068,0.1971600294782793,241.4336857586827,-0.04736907627188815,Watts Strogatz
321,4.0,14.012475628864992,32,0.00031755476468411193,0.0725710524391035,119.27900437160758,-0.06416907382128954,Watts Strogatz
322,4.0,5.442440892046576,9,0.0010994054099141592,0.1842868009188299,220.98593490089672,-0.07130361032462167,Watts Strogatz
323,8.0,3.7840218829587777,6,0.0021056294052819676,0.26455008799346197,432.2286294633278,-0.05147346433976479,Watts Strogatz
324,6.0,7.54717950208324,13,0.000715553076821647,0.13310917336638478,280.7517849028887,-0.024884443939403277,Watts Strogatz
325,4.0,5.831548831904451,10,0.0008827293036964077,0.1719535967916137,250.4279111157453,-0.09148941404851978,Watts Strogatz
326,8.0,3.9394193814092016,6,0.0028223869736533013,0.2541773070724534,302.11384432560766,-0.03670668392949651,Watts Strogatz
327,6.0,4.466164628826056,7,0.0012908100507579333,0.22423035617590334,413.58593381575105,-0.04924472810384371,Watts Strogatz
328,8.0,4.299774566116978,7,0.001731662725251736,0.23282069964192814,441.20569312168647,-0.061379300145973446,Watts Strogatz
329,6.0,4.166955959851711,7,0.002066793240256558,0.2403745575858196,279.97864920922825,-0.0515699127087823,Watts Strogatz
330,8.0,3.993154413154413,6,0.0016983677855759022,0.25067227146101984,505.50238961038383,-0.05505279461653196,Watts Strogatz
331,4.0,5.743883661248931,10,0.0010260428334494063,0.17460138452395538,218.14390923890656,-0.0845713160902,Watts Strogatz
332,8.0,3.7170507258008767,6,0.002516926845161475,0.26931261078349505,369.82721244580273,-0.0578344702896657,Watts Strogatz
333,8.0,3.5863436081783613,6,0.003199287827566493,0.27912731332093876,303.0341423948218,-0.07157530914312756,Watts Strogatz
334,8.0,13.583704899290494,31,0.000515005542091591,0.07531569414975757,156.84228696988177,0.007299936125680095,Watts Strogatz
335,4.0,6.259101577805969,11,0.0007211123134266878,0.16026183095870708,273.7842268980474,-0.05211029279950358,Watts Strogatz
336,4.0,7.144839697494448,13,0.0008602767885682542,0.1406935171747519,169.58191674951541,-0.05101102285956873,Watts Strogatz
337,4.0,5.817664686566114,10,0.0007257197674121226,0.17233343870342496,310.4068287522472,-0.10461310493879732,Watts Strogatz
338,4.0,5.962384219974176,10,0.0007185638604621809,0.1681533415943125,301.17210911172907,-0.08120908890362391,Watts Strogatz
339,4.0,5.557325681403744,9,0.0009171825794563466,0.18046726106336497,258.2984862390681,-0.10515532583570655,Watts Strogatz
340,6.0,5.308304229096469,9,0.0014207595881442733,0.18884493994157078,274.6247762394204,-0.02646831187804096,Watts Strogatz
341,8.0,4.744292798961565,8,0.001592008290065583,0.2111406517488153,401.22745324313087,-0.039979514165749686,Watts Strogatz
342,8.0,3.6153534658010362,5,0.002967844164848631,0.2769105322252631,322.1470286576162,-0.07567786069866485,Watts Strogatz
343,8.0,4.379550515933848,7,0.0017380171006489598,0.22862683663452818,424.95802609188246,-0.028095112232426764,Watts Strogatz
344,6.0,5.272022271625708,9,0.0010866164589952282,0.19006602066583309,375.9834504710958,-0.030440856238578264,Watts Strogatz
345,8.0,4.561259501447344,8,0.0018862103273578846,0.21959380726692734,360.9101920122841,-0.009762188585438782,Watts Strogatz
346,8.0,5.593945714202949,10,0.0015107261524254754,0.17936230125846922,300.10728984841273,-0.00844666662401601,Watts Strogatz
347,6.0,4.288297333447167,7,0.0017132742619907007,0.23353939204422064,326.4018961430691,-0.07231645337628013,Watts Strogatz
348,6.0,5.34791321612095,9,0.0013030602734651708,0.18738494727292945,300.25297302431335,-0.04096687560804685,Watts Strogatz
349,8.0,4.0819994143770435,6,0.0016325727516866382,0.24522654843673697,510.00900537633777,-0.03727660620061416,Watts Strogatz
350,4.0,22.175596816976128,49,0.00014779528003913274,0.045673304150705744,104.28217797298736,0.015647027172475566,Watts Strogatz
351,8.0,3.7910841916625344,6,0.0021237420672174864,0.264061872016408,428.2509803921535,-0.054129797309049696,Watts Strogatz
352,6.0,4.306427999310562,7,0.0016115074615446548,0.23257046037984738,344.07865446534083,-0.09526948528679485,Watts Strogatz
353,8.0,5.446910397262289,9,0.0022062190032309595,0.18413051988894197,204.6172605390875,0.029732238581226464,Watts Strogatz
354,6.0,5.86337670250034,10,0.0009470674499325562,0.17099029974579008,351.9283446126091,-0.014119096784953843,Watts Strogatz
355,4.0,6.571175961400482,12,0.0009250075540070368,0.15284747319754266,187.909464391816,-0.04097324420118104,Watts Strogatz
356,6.0,4.202837296746509,7,0.0019153793529023712,0.23833235669184835,297.1485504616725,-0.07814607546551192,Watts Strogatz
357,6.0,4.304678911676688,7,0.0016837352714581999,0.2326400955437382,330.96567901234204,-0.06573463354264623,Watts Strogatz
358,8.0,3.8931344739087606,6,0.0017196039241099454,0.2571389806868852,513.397869739824,-0.047077151646151075,Watts Strogatz
359,8.0,4.911100241564014,8,0.001521377685049351,0.20399411827867017,395.03263964950327,-0.013610400353387106,Watts Strogatz
360,8.0,7.961039287690528,16,0.001018546394470145,0.12681806423052275,218.94511757210682,-4.8784864500544826e-05,Watts Strogatz
361,4.0,10.218668430126295,21,0.00036104748908979674,0.09878485577156217,204.07207237777268,-0.022547002661226702,Watts Strogatz
362,8.0,3.920845236184668,6,0.001947420480619809,0.2553225833300981,448.71279601989613,-0.045664886863759746,Watts Strogatz
363,8.0,4.768448956194439,8,0.0019525657838402718,0.21015685727196062,315.2554574068397,-0.00960837806903001,Watts Strogatz
364,2.0,213.05904092302146,629,2.9984640715621025e-06,0.004955227943104253,21.095289736529118,0.007956621004558389,Watts Strogatz
365,8.0,3.5750179739665464,5,0.00326649764426357,0.28005516253180834,296.5037516600265,-0.06483256036613191,Watts Strogatz
366,8.0,4.4821902770249356,7,0.0026015374833238502,0.22353685668662943,258.87086524073356,-0.04282060035649107,Watts Strogatz
367,4.0,5.474694235066693,9,0.0011314198985044991,0.18318188774757985,212.41124618507084,-0.1279412414484144,Watts Strogatz
368,6.0,4.559212327930161,7,0.0012561361838030144,0.21965174949222013,412.38528526127226,-0.08049969309109095,Watts Strogatz
369,4.0,7.012714084000111,13,0.0005586972441264102,0.14314567743274745,290.0346882528884,-0.057650536320957714,Watts Strogatz
370,6.0,4.603644728263749,7,0.0012071286723361382,0.21751861409386142,425.78349172286283,-0.06087683926848109,Watts Strogatz
371,4.0,5.4589898670828845,10,0.0010840257534037508,0.18376192887565776,222.5155142326619,-0.11052758911871466,Watts Strogatz
372,8.0,3.7553497827262725,6,0.0022337109807900567,0.2665995314559404,409.64316268486635,-0.0715961162844422,Watts Strogatz
373,8.0,3.6137764115118722,5,0.003067952177903871,0.27701518856554336,313.150357253805,-0.043951103416411876,Watts Strogatz
374,8.0,3.9212354815098447,6,0.0018632697073851503,0.2552915358946235,469.1094504658633,-0.05511814304472249,Watts Strogatz
375,4.0,5.3831612677442635,9,0.001184175578447375,0.18629141745921857,208.24277989821667,-0.10673191993078665,Watts Strogatz
376,8.0,4.278496049594635,7,0.001630944451065669,0.23398490311864822,474.34316818484047,-0.029601651883814303,Watts Strogatz
377,8.0,3.7106562156585703,6,0.002457179233047288,0.26978411761205395,378.4763722554869,-0.07582126797733794,Watts Strogatz
378,8.0,5.536610727551766,9,0.001909992197700742,0.1813297625256677,233.1083779468366,-0.01984262743754897,Watts Strogatz
379,8.0,3.76148275204879,6,0.0022094514264685504,0.26614997832568016,414.4374186307491,-0.05208372164615237,Watts Strogatz
380,4.0,5.90634382132042,10,0.0006389395419580065,0.1697153676736236,344.6179788304798,-0.10692665593092783,Watts Strogatz
381,6.0,4.567292424497725,7,0.0015569994420805279,0.2192831280390785,329.13571596125723,-0.0620502716304023,Watts Strogatz
382,4.0,5.956193940690811,10,0.000724368726257889,0.16833570872885367,298.72637005448775,-0.08945507605062093,Watts Strogatz
383,2.0,63.150119038559794,173,1.1237895254177863e-05,0.016483751856743334,42.379076949204205,-0.1373941544353513,Watts Strogatz
384,2.0,60.88123549145315,152,1.6639726359681235e-05,0.017148444846041524,36.09976445889741,-0.16887519405593981,Watts Strogatz
385,4.0,5.503359190632657,9,0.0011102580734900717,0.18217465446133027,216.40830056139498,-0.13343699825148603,Watts Strogatz
386,8.0,4.911716613588889,8,0.0015339029346221823,0.20393206073650838,391.3306220221605,-0.03525138066790506,Watts Strogatz
387,8.0,4.277602629115708,7,0.002008813396270155,0.23408928978112847,377.85550361505386,-0.029366714714342507,Watts Strogatz
388,8.0,5.859303288323742,11,0.0019329930675672617,0.17148490690417928,204.21757786084166,-0.007673530887115889,Watts Strogatz
389,4.0,7.990434596931864,14,0.0004904849705928063,0.1256378261979592,256.10998189416625,-0.025952886055432497,Watts Strogatz
390,8.0,3.7067646712000313,6,0.002653724617141035,0.2700660490071505,351.0947950377547,-0.05957194721806806,Watts Strogatz
391,4.0,5.925467446536637,10,0.0007196131059899871,0.16919268602102813,304.1663432235855,-0.11062467574411343,Watts Strogatz
392,4.0,5.917016150466151,10,0.0010793093723183457,0.16950337452209568,195.85088429057598,-0.1193095049100568,Watts Strogatz
393,8.0,3.760765246286161,6,0.0025551657538008922,0.26620030042092385,358.4945572916649,-0.040023144056026146,Watts Strogatz
394,6.0,5.607741841516325,9,0.0010132250058540316,0.17878332540371772,358.6718249769045,-0.03862814284965906,Watts Strogatz
395,8.0,5.960255767656945,10,0.0017588037548864675,0.16845036304173455,219.30128893160617,-0.025991291761387182,Watts Strogatz
396,8.0,3.9081028056762173,6,0.0016894877821512885,0.2561525889924004,519.7386597938096,-0.07026334207676938,Watts Strogatz
397,8.0,5.651428817700858,10,0.0018113132008673316,0.17753763529963792,239.0046292022432,-0.011363591473194571,Watts Strogatz
398,6.0,8.082295877411772,16,0.0010621713846621502,0.1250516812199704,148.84889203616717,-0.005261365717313668,Watts Strogatz
399,2.0,54.033386684603165,150,1.554733579974761e-05,0.019582574125213685,40.28757713183742,-0.15409243440730946,Watts Strogatz
400,3.992707383773929,4.151058959737572,7,0.0009667607881489548,0.2439433526045671,281.6442765985131,-0.08244351890471963,Barabasi Albert
401,15.895934959349594,2.7211838562649255,4,0.004678507874106907,0.3690754826016003,473.9201897018907,-0.03881976406786733,Barabasi Albert
402,7.970315398886828,3.21853806095748,5,0.0024126571381658294,0.31268145736968384,352.75355596784027,-0.07333523622566585,Barabasi Albert
403,5.982421875,3.462848622311828,6,0.0017772293044809012,0.29125573847424163,312.3450195312493,-0.07983585123258104,Barabasi Albert
404,17.898559799624294,2.7145203333945385,4,0.0040940827673853234,0.3699325554679577,615.5456063452303,-0.03214840083322373,Barabasi Albert
405,17.844529750479847,2.6069923906770582,4,0.0062502535628744865,0.385474187010379,421.342450415863,-0.044690225635074174,Barabasi Albert
406,1.9989440337909188,7.232129040967361,18,7.608551916231425e-05,0.1440298877742592,297.5515420721784,-0.09060367804080587,Barabasi Albert
407,1.9985528219971056,7.5230820175820075,18,9.937721801879926e-05,0.13723993808396176,208.98099849473175,-0.1307471198121366,Barabasi Albert
408,7.968379446640316,3.234325580667988,5,0.0025933416980634372,0.31125085128153124,330.03847167325347,-0.05121606794580745,Barabasi Albert
409,13.93391773432232,2.850709298272914,5,0.0033465223983926554,0.3522255448523371,543.1207462351031,-0.02789895704426513,Barabasi Albert
410,17.850415512465375,2.626335758649469,4,0.006010412609370204,0.3826235629929384,434.34702985533556,-0.037225073308721233,Barabasi Albert
411,7.979500320307495,3.3287176201974407,5,0.001670847178757474,0.302475148442907,492.14249412769175,-0.05005597535447971,Barabasi Albert
412,3.9941176470588236,4.07345149980522,7,0.0007779249852426293,0.2491304113912075,354.9849369747862,-0.0639405985403321,Barabasi Albert
413,5.9837837837837835,3.4925206541076697,6,0.0016471509789185734,0.288775135430793,335.38126126125997,-0.0732172789549379,Barabasi Albert
414,15.920938851142681,2.7835071932421775,4,0.0035384867837424936,0.3606494063843926,607.0469425571332,-0.0375885019285926,Barabasi Albert
415,13.927137546468401,2.825500088511241,4,0.0036908169235047653,0.3553774596546622,497.5881040892122,-0.040065989143628376,Barabasi Albert
416,7.982359426681367,3.352343207911014,5,0.0014258353705557231,0.3003391668692564,566.9992466005125,-0.05865554435357588,Barabasi Albert
417,11.952317880794702,2.963831141188191,5,0.0027630681881583375,0.33900787726918535,532.4731346578308,-0.0415351842009858,Barabasi Albert
418,13.948744769874477,2.907678295006448,5,0.0025827574131941835,0.3453236075300453,684.7395746164631,-0.03252977082512019,Barabasi Albert
419,5.982889733840304,3.513250100393252,6,0.0017453311061957385,0.28718817646754713,316.52084917617145,-0.063390092105191,Barabasi Albert
420,13.95,2.904454063401777,5,0.0025184538520857656,0.34574550120529385,702.6649149659935,-0.040100755990631246,Barabasi Albert
421,9.971477467199087,3.160488738157939,5,0.001930689706492865,0.3182789401998562,580.6446282563205,-0.046955169469348926,Barabasi Albert
422,5.989311163895487,3.6975638740344623,6,0.0010877777123079143,0.27259205544226633,478.56775534441397,-0.05329601141312994,Barabasi Albert
423,15.906227106227107,2.749294791230275,4,0.0042137142341723,0.3651979401100925,519.4776556776487,-0.026464766787977587,Barabasi Albert
424,5.9871428571428575,3.5714796283059327,6,0.0013004195170246073,0.2824934923175874,413.0662142857113,-0.0700776784336361,Barabasi Albert
425,7.9733555370524565,3.2126422425756314,5,0.002171517932567687,0.3137031795886768,393.41867887870956,-0.05223874664139908,Barabasi Albert
426,11.9526938239159,2.981218698190294,5,0.002751062863518407,0.33708630527065336,533.8513140604413,-0.029300515932788637,Barabasi Albert
427,7.983059820010587,3.400949183946308,6,0.0013777331312519972,0.2959411873286237,581.8124580906994,-0.05110424547994547,Barabasi Albert
428,1.9983402489626556,6.815649081209247,17,0.0001268384082306312,0.15271344350967953,200.70792779644498,-0.10512660650854308,Barabasi Albert
429,3.9954128440366974,4.134094701216399,7,0.0006053454119228978,0.2454972258343913,447.46503112712475,-0.0668578719424719,Barabasi Albert
430,9.970896391152502,3.1466510000996677,5,0.0019622260012294515,0.3196428769606492,571.3822662010064,-0.04847866778674894,Barabasi Albert
431,13.946506550218341,2.8862023281715437,4,0.002687682329085976,0.3478816926543588,661.0843340611391,-0.041456880850392265,Barabasi Albert
432,15.930623306233063,2.816651088419778,4,0.00309907204184221,0.3563190709765338,682.3271906052448,-0.03741247881602563,Barabasi Albert
433,13.949974476773864,2.9166472439869207,5,0.0025280958048402333,0.34426311969642215,699.3540411774783,-0.0344687458096305,Barabasi Albert
434,11.959821428571429,3.00553050470607,5,0.002317657130621148,0.3343204327335461,622.1933965773816,-0.03840031900891149,Barabasi Albert
435,5.987721691678035,3.61560187922838,6,0.001247745566823773,0.2788458431987929,426.85825375170197,-0.07495188360946106,Barabasi Albert
436,5.985099337748345,3.5468171318522743,6,0.0015045529853650816,0.28404000394767653,359.0270143487841,-0.10406998020415506,Barabasi Albert
437,7.980652962515115,3.3485736607289813,5,0.0015679793142284082,0.3005482875889301,518.046110439335,-0.06812820873046634,Barabasi Albert
438,11.955140186915887,2.965282277173111,5,0.002596749251291029,0.33894603761005454,565.5067289719589,-0.04201789650546759,Barabasi Albert
439,1.9986979166666667,8.346798656351792,19,8.074276941618019e-05,0.12394015105383643,210.1829804226924,-0.13858000641892945,Barabasi Albert
440,5.989565217391305,3.67412488651266,6,0.0010610334921323562,0.2744375075960862,493.4816425120732,-0.06502950594741953,Barabasi Albert
441,5.989921612541993,3.6873679819072085,6,0.0010222851691876701,0.27330044756662714,508.7549458753227,-0.08105553305712737,Barabasi Albert
442,7.973791973791974,3.225366200776037,5,0.002126016155447129,0.31222346472307677,398.1079989079961,-0.06044610658724499,Barabasi Albert
443,17.89278623428193,2.708736374752916,4,0.004313444549276866,0.37068499567761304,583.9310611074314,-0.03166314801052924,Barabasi Albert
444,9.954545454545455,3.00407477872446,5,0.0030770436187219615,0.33486979361179214,384.6273030303002,-0.05633193972467245,Barabasi Albert
445,11.956521739130435,3.0022870236583623,5,0.0025164045929530255,0.3347145068842338,576.3553743961323,-0.027924068826561056,Barabasi Albert
446,13.938519447929737,2.8598573905126017,4,0.0030979236362943395,0.35109309713297565,581.4240903387674,-0.03549922067006448,Barabasi Albert
447,1.9989224137931034,7.73581884933544,21,7.248978216923452e-05,0.13446854592392907,273.1459981689963,-0.08958622912562673,Barabasi Albert
448,9.966487935656836,3.1049397367223897,5,0.002261678046553557,0.32392171337136094,503.4666443252848,-0.051854955788628046,Barabasi Albert
449,11.948899929027679,2.9390353813149237,5,0.002944877467339494,0.3419139899780882,501.3982730068541,-0.04441906165733228,Barabasi Albert
450,7.980319803198032,3.3727921279212794,6,0.0016047586259624357,0.2984217115675074,505.8010250102462,-0.0453840298032844,Barabasi Albert
451,17.88502484031228,2.696044906122976,4,0.004643200913624278,0.37246517065847645,547.7383487106639,-0.0268739574091237,Barabasi Albert
452,11.952159468438538,2.958187248179826,5,0.00276264396890748,0.3396713076432652,531.673842746395,-0.03603263026872366,Barabasi Albert
453,1.9989401165871754,6.996153286341047,18,7.875422455846942e-05,0.14853046751727333,304.5976469600162,-0.0964622546877859,Barabasi Albert
454,15.877629063097514,2.683881178698528,4,0.005506823613103845,0.3742320044170471,409.59209687698785,-0.03694074312350409,Barabasi Albert
455,11.938356164383562,2.8724571844443663,5,0.0035713253536657015,0.34986352376422725,425.95282534246115,-0.05068746526991951,Barabasi Albert
456,11.960996749729144,3.015039916379662,5,0.002249797048300393,0.3332771669790166,638.9142289635265,-0.04154909081360093,Barabasi Albert
457,13.93436034829203,2.8431410927491836,4,0.0033222569152741486,0.35313986432228034,548.0603929448482,-0.04173525486538012,Barabasi Albert
458,17.864093959731544,2.6557528781295963,4,0.005478051328151503,0.3781795769207869,471.76300335569886,-0.03807451780242913,Barabasi Albert
459,3.9940828402366866,4.221314257683329,7,0.0007836897479484304,0.23983290180672354,340.31721963933137,-0.08200050394874252,Barabasi Albert
460,9.971590909090908,3.1504780608816993,5,0.0019178166701323827,0.3193269217084519,584.6790340909074,-0.04456480969042012,Barabasi Albert
461,1.998674618952949,7.997479315090887,18,8.577203060912453e-05,0.12934422215855973,214.0640318290613,-0.13337904879899215,Barabasi Albert
462,13.914260717410324,2.759144599044209,4,0.0043240232745268906,0.3640751973300702,434.08690580343625,-0.05176439708231861,Barabasi Albert
463,3.9927338782924613,4.179139625134176,8,0.0009641244535242626,0.24183895899175628,279.8701634877361,-0.07962055463302306,Barabasi Albert
464,17.89207195203198,2.711027315123251,4,0.004340116817480217,0.37032393221201415,579.4364867865834,-0.025407507608391798,Barabasi Albert
465,13.930496453900709,2.8227282565473226,4,0.003515026160159671,0.35575304760826204,521.825059101648,-0.04555862313561083,Barabasi Albert
466,1.9982876712328768,7.108469497951662,18,0.00012503873958952494,0.1459202091009756,191.5290233446765,-0.11284858422735693,Barabasi Albert
467,17.888121546961326,2.70486852203263,4,0.0045248358041418656,0.3711961026698338,560.6583793738441,-0.024758017803964815,Barabasi Albert
468,17.896946564885496,2.7193170425151805,4,0.004149541182960666,0.36912898270080563,604.5417726887181,-0.035909561752152305,Barabasi Albert
469,17.874806800618238,2.67260878036652,4,0.0050415941314097944,0.37576713711579923,508.2086553322962,-0.036751920154568456,Barabasi Albert
470,17.893561103810775,2.710902381982944,4,0.004275188838138237,0.37032056477683806,587.4215943933394,-0.029277396751560037,Barabasi Albert
471,1.9980988593155893,7.231971723471761,17,0.00013712917951856513,0.144122767674012,167.76366346304923,-0.10461386630483911,Barabasi Albert
472,15.874877810361681,2.6801147004417,4,0.005629314706805535,0.37481959336136683,401.43532095144644,-0.03669650317722568,Barabasi Albert
473,3.9948085658663204,4.2807276435439965,8,0.0006858594661450978,0.23617346548823645,381.0619990111509,-0.07577145343807294,Barabasi Albert
474,3.9940564635958395,4.142840413838055,7,0.0007850630213259432,0.24441078262406518,344.7830998372566,-0.08126276520362766,Barabasi Albert
475,13.946681175190424,2.9122060557883147,4,0.0026925202590194065,0.3447906650106082,657.6150707290567,-0.023111715250638175,Barabasi Albert
476,3.9950950337216433,4.304243322437587,8,0.0006476262041822857,0.23500625245836154,401.571783305592,-0.09066584622585123,Barabasi Albert
477,5.990486257928119,3.752553823999964,6,0.0009622465932157509,0.26844991873491286,529.0260394644079,-0.06442522869277037,Barabasi Albert
478,3.99599399098648,4.346634179726504,8,0.0005285059246703989,0.23257272038921847,485.0216658320763,-0.07711127238312461,Barabasi Albert
479,17.911812738160044,2.7561365682182872,4,0.0035548183211759217,0.3641424439525631,695.2760841952522,-0.027168539897994927,Barabasi Albert
480,7.980617807389461,3.3496011599948607,5,0.0015761434014000407,0.3004351432459856,516.8388451443532,-0.06296922578096198,Barabasi Albert
481,9.972557628979144,3.1464852968568313,5,0.001846059007869326,0.31972972580432835,605.824185876326,-0.0589644239729758,Barabasi Albert
482,15.917205692108668,2.781057285321343,4,0.003712550757655243,0.3609568536571431,580.4669038378579,-0.026314480521982354,Barabasi Albert
483,1.998046875,5.7152885966520035,14,0.00017899528671439042,0.1831121783088216,203.02970714723523,-0.10030646937711299,Barabasi Albert
484,15.926773455377575,2.816325207383956,4,0.003293222641964453,0.356375261205864,646.8529748283777,-0.014222014328841109,Barabasi Albert
485,5.9879839786381845,3.5922543796984265,6,0.0012185312952137325,0.28083882069792815,439.06806853582174,-0.07255183143379962,Barabasi Albert
486,15.88632326820604,2.7057035721334124,4,0.005119119489154185,0.3712150670767663,436.87033747779253,-0.027383449120975737,Barabasi Albert
487,9.955908289241622,3.015494753358831,5,0.0029721600834241393,0.3335271278449829,394.8870958259816,-0.06966221883535391,Barabasi Albert
488,1.998,7.025243243243243,18,0.00014742880332735474,0.14728137452402734,162.81337717315316,-0.13500766277707135,Barabasi Albert
489,15.931293612453032,2.8047269081376087,4,0.0030707193946903147,0.3578606264008238,691.8047951333039,-0.043667412616404645,Barabasi Albert
490,17.902877697841728,2.7349882541477317,4,0.003907395201406239,0.366972150374039,637.0281774580351,-0.03076573540439519,Barabasi Albert
491,5.982213438735178,3.4745858794368663,6,0.0018013447637812486,0.29031587615589305,307.744038208168,-0.07066839578075772,Barabasi Albert
492,1.9987113402061856,7.04810913477836,17,9.472244282665136e-05,0.14691450882413626,250.92605155944915,-0.12214422347459448,Barabasi Albert
493,17.881405563689604,2.6916984430893653,4,0.004787155297024459,0.3730212905157648,532.0056124938928,-0.03169422496962547,Barabasi Albert
494,3.995635570103655,4.4209614133891755,8,0.0005774279040968454,0.22854445208824742,437.85917049852674,-0.07418369099196778,Barabasi Albert
495,15.918367346938776,2.7774417839886434,4,0.0036482857890970857,0.3613994026037697,589.3177083333309,-0.039533910336071704,Barabasi Albert
496,1.9982547993019197,7.030954830547871,19,0.00012838987472592824,0.14700640656118785,187.926313276221,-0.1330528824912782,Barabasi Albert
497,9.964234620886982,3.086772902899428,5,0.0024258685100090193,0.32587965689768567,474.81633285645614,-0.048741990922413526,Barabasi Albert
498,13.923972071373157,2.8077581928308817,4,0.0038474876076562193,0.357688288820977,480.2539436255429,-0.039027271927496755,Barabasi Albert
499,1.9987577639751553,8.042777235194887,19,8.032458841671056e-05,0.12924226276248726,229.16632838165543,-0.12368064345986303,Barabasi Albert
500,60.095599393019725,2.387952340296093,4,0.021221477908712857,0.42053317323390454,594.3703844208384,0.35887910303368237,Waxman
501,688.4127682993947,1.6209180791302893,2,0.1883223535166067,0.6171993492804296,1252.2063841496972,0.03430040941482665,Waxman
502,76.87616099071208,2.016751085402778,3,0.019109199173279988,0.49603111177776876,988.7175782593754,0.05160354517119809,Waxman
503,210.33928571428572,1.874725601973964,3,0.060832446150633254,0.5334856704095712,944.6690476190477,0.1040408772915604,Waxman
504,310.74095513748193,1.774988446678145,2,0.11126884790520652,0.563491540233956,845.870477568741,0.04052571174768982,Waxman
505,898.0168539325842,1.368927017615893,2,0.3145260789001238,0.7312018547649776,1160.508426966292,0.024719013165178744,Waxman
506,159.9928716904277,1.9186907897944976,3,0.03960210497740512,0.5212170103978844,1061.432620502376,0.08702588479924966,Waxman
507,27.931635388739945,2.5896630902483713,4,0.008424505080431048,0.3868398839848481,608.8084226988377,0.1426551602436601,Waxman
508,663.4191674733785,1.3571519695025402,2,0.32037488872423947,0.7376298974051365,847.7095837366893,0.022084659083800612,Waxman
509,319.36748064324,1.8096737302483672,2,0.09456557451287302,0.5526206753569942,998.68374032162,0.010828199066825365,Waxman
510,16.829268292682926,2.9533330895527845,5,0.003872637300470425,0.3391576330014275,666.1281548250306,0.04680630921382826,Waxman
511,304.03890362511055,1.7309390233406101,2,0.13077383311874688,0.5781725217313625,717.0194518125553,0.13356825640162748,Waxman
512,381.5844385499558,1.6623146561504816,2,0.16778482940346354,0.6017440842417816,755.7922192749779,0.024490924479752166,Waxman
513,43.603960396039604,2.699000309542183,5,0.01308968772062223,0.37266064572739493,609.2986358635859,0.3730704779963046,Waxman
514,599.0142671854734,1.6112821108465454,2,0.1925038841642918,0.6210458247664304,1070.0071335927366,0.049813101397363606,Waxman
515,800.6575121163166,1.352742512436284,2,0.32283623019634067,0.7398592787101883,1018.8287560581583,0.02135121912892836,Waxman
516,148.51277955271564,1.8813077333660229,3,0.05766896579722062,0.5316074639234102,699.7515974440895,0.10133868321121882,Waxman
517,275.65862068965515,1.7621582220106513,2,0.11606754008978444,0.5677710268207025,717.3293103448276,0.10381439328528054,Waxman
518,201.7841945288754,1.8465519433240491,2,0.07593557591091127,0.5415831273459351,758.3920972644377,0.011681011695315744,Waxman
519,836.0232558139535,1.4880445463478547,2,0.2548433256582196,0.6724834653349854,1234.5116279069769,0.029095929744825434,Waxman
520,337.4140480591497,1.6878685956899633,2,0.15483776460561918,0.5926406625673345,709.2070240295749,0.030823586597804188,Waxman
521,32.81852450188476,2.7121840937366537,5,0.007895200559520475,0.37012322351649013,729.4476036618264,0.3023046402857902,Waxman
522,745.2549462973432,1.5784757091078376,2,0.20942461761908482,0.6338817647284433,1256.6274731486715,0.03467572786981166,Waxman
523,586.5244351024697,1.6916275314918665,2,0.15352463001019867,0.5912403549920292,1244.262217551235,0.016934705550011003,Waxman
524,205.2607944732297,1.881768184459142,3,0.057481071131168494,0.531477845998839,970.628670120898,0.09544544682018138,Waxman
525,15.723388848660392,2.998682953961108,5,0.004714915340135007,0.33478601037090266,486.419623461254,0.18883302740257696,Waxman
526,132.88676671214188,1.9093053466747993,3,0.044646749491296454,0.5237652262195385,798.9402000909505,0.015491501544627674,Waxman
527,722.5563325563326,1.438136599878435,2,0.27929491585919863,0.6961702089415647,1004.2781662781663,0.03861652608985185,Waxman
528,150.66974291364536,1.9186328035996612,3,0.04711533392362697,0.5214748203655181,828.7820259283676,0.2972165083220114,Waxman
529,571.2074253430186,1.5386046645048315,2,0.22975420750737055,0.6502394837521626,904.6037126715092,0.018990558371146386,Waxman
530,245.7293680297398,1.817165648787396,2,0.08880843989824505,0.5504875620873252,794.8646840148699,0.13267174388752406,Waxman
531,246.3665008291874,1.7955464723409233,2,0.10059784217223877,0.5570604220435796,725.6832504145937,0.05545960042427717,Waxman
532,896.8542586750789,1.433804129624319,2,0.281745436066739,0.6981347718064899,1240.4271293375393,0.029536291977820928,Waxman
533,120.38294314381271,1.911159933390241,3,0.04790832639860744,0.5234345047237694,655.3216276477146,0.24068296717165125,Waxman
534,27.994741454864155,2.4657702538554975,4,0.011503869196919387,0.4059081573706065,490.83567046450094,-0.011722199566422016,Waxman
535,133.97051282051282,1.9141568395256656,3,0.041935404670610923,0.5224476010138546,846.4617521367522,0.05080160505183866,Waxman
536,497.4239423942394,1.5518703221673518,2,0.22275631114164898,0.6447712804983268,803.7119711971197,0.028461983376187303,Waxman
537,330.3518821603928,1.7294415379521761,2,0.1325922486710247,0.5785473289169462,775.6759410801964,0.09226618045440355,Waxman
538,412.2096774193548,1.7227910710024514,2,0.137221515217889,0.5806240894777928,949.6048387096774,0.042006754672781574,Waxman
539,138.92296185489903,1.9100340829186802,3,0.04952061497234238,0.523770043787585,734.3400648217403,0.2643206383842339,Waxman
540,64.18079096045197,2.1619773958513138,3,0.015481058920750584,0.4635136783507751,941.8589282657125,0.18116806920453477,Waxman
541,40.85180572851806,2.49720945209359,4,0.01161296480530603,0.401691861977001,684.5326899128298,0.28146793805230474,Waxman
542,33.79240037071362,2.742491587586252,5,0.01404739421211475,0.3668674615097839,429.30457213468975,0.333988011019173,Waxman
543,72.57851239669421,1.9676686080339842,3,0.026439399296332503,0.5082847926910052,696.3596293513649,0.0229579454874031,Waxman
544,119.08905852417303,1.9244642478251643,3,0.037112946789767655,0.5196403994272154,844.9741306191687,0.022425437289286223,Waxman
545,794.2288037166086,1.5385073772710003,2,0.22952329471186425,0.6503734241617342,1257.6144018583043,0.03182526885018949,Waxman
546,222.87203242617255,1.8708736776209893,2,0.06386666405760892,0.5345345654029641,974.4360162130863,0.01950259685801443,Waxman
547,14.293577981651376,3.049551597447522,5,0.0039057697682582312,0.3288636179035315,525.3314329401427,0.09751952406989792,Waxman
548,132.59148618371918,1.9009076894052295,3,0.048635673690001116,0.5260875112773151,735.2947473238736,0.03262062849158874,Waxman
549,284.4728132387707,1.7756523554899284,2,0.11087222033272956,0.563284825372405,776.2364066193853,0.03592921051115191,Waxman
550,518.2646536412078,1.539320307874482,2,0.22904489666848812,0.6500532826658438,821.6323268206039,0.03328222569115816,Waxman
551,609.1666666666666,1.6613859551602743,2,0.1676262670544193,0.6022096306125655,1204.0833333333333,0.052052731759052596,Waxman
552,239.1948404616429,1.8375413235337525,3,0.07829054865656089,0.5443742015861521,855.5881421136005,0.1890719872785147,Waxman
553,182.87475149105367,1.8180449640465663,3,0.08785284388050643,0.5502479723819585,593.9357190192179,0.15567877738185215,Waxman
554,186.18549747048903,1.8428828598060352,3,0.07635642501423923,0.542747148737902,685.5924676784712,0.11018733498156123,Waxman
555,433.0595482546201,1.7775759895970107,2,0.1080681322751814,0.562860258040012,1190.02977412731,0.1553513478500294,Waxman
556,336.82215384615387,1.7925971959075406,2,0.10309064450934606,0.557890621857265,980.411076923077,0.011088687969310437,Waxman
557,144.10982658959537,1.8610319897882397,2,0.06815169800950939,0.5373910432293526,590.5549132947976,0.034503673407540195,Waxman
558,217.96555555555557,1.8788407139769008,2,0.05992463147134111,0.5322644678917268,1008.4827777777778,0.023613204864040477,Waxman
559,210.62372881355932,1.8571616493802177,3,0.06878319309909356,0.5385893230653981,842.2985310734464,0.18734364942303783,Waxman
560,529.6552077988712,1.7281030760786082,2,0.13411449961758332,0.5789002626179888,1238.8276038994356,0.06755935032550667,Waxman
561,231.3337687785761,1.8488023121288577,3,0.073456924397168,0.541004630711696,880.6666666666667,0.12891358788883428,Waxman
562,715.1971616827167,1.637323954521949,2,0.17903735794218584,0.6112205952587976,1343.5985808413584,0.06588009633929852,Waxman
563,609.3570432357043,1.5747682880420766,2,0.21007987220199453,0.6356981892137259,1021.1785216178522,0.06526985736957654,Waxman
564,212.3394495412844,1.8917187916668616,2,0.05319023025158006,0.5286506634617617,1086.6697247706422,0.04836913351453268,Waxman
565,598.7316293929713,1.5213975784228846,2,0.23809487019436992,0.6577093250384686,924.8658146964856,0.028909629519614184,Waxman
566,122.55609084652443,1.9156423776019598,3,0.04151506779075898,0.522030804923258,787.2665749025006,0.00846022931913058,Waxman
567,566.5256484149855,1.6732839397837453,2,0.16243301311758995,0.5977766070570404,1150.2628242074927,0.02546919617193925,Waxman
568,167.6589641434263,1.8663006665522917,2,0.06600563245686476,0.5358491822476427,710.8294820717132,0.015679155383506532,Waxman
569,19.275449101796408,2.7442138195519075,4,0.006517184834752805,0.3646509320018778,509.79291417164984,0.006601513226376343,Waxman
570,852.4300291545189,1.3782421377428746,2,0.3098385680546156,0.7262593450172522,1111.7150145772596,0.024143630450853954,Waxman
571,709.0851955307263,1.504482742466299,2,0.24676645353430401,0.665053235613465,1070.042597765363,0.02390704976822953,Waxman
572,640.1826280623608,1.6433522963440887,2,0.1774879270506661,0.6086702498569803,1217.5913140311804,0.02216004186778063,Waxman
573,143.41641025641024,1.926482745918354,3,0.036136328321467404,0.5190925939294068,1046.1863247863248,0.02739301897287053,Waxman
574,488.1166007905138,1.517194262323923,2,0.24039434472081217,0.6594694305218824,749.5583003952569,0.01960352043729167,Waxman
575,168.57300710339385,1.8668459659530854,2,0.06568489164108257,0.5356948588418732,717.2865035516969,0.019150373525245932,Waxman
576,705.7186046511628,1.58945979950485,2,0.2036559367482053,0.6295554845871077,1212.3593023255814,0.043569398390310383,Waxman
577,142.10961538461538,1.8632246242688977,2,0.06743468323179964,0.5367372112703943,590.5548076923077,0.01603440826682213,Waxman
578,108.33713561470215,1.9319487274694134,3,0.033757532617267376,0.5176212430533439,842.4985213350232,0.008379822574305681,Waxman
579,751.8947990543735,1.5553549384657757,2,0.22104255819345964,0.6433209499190273,1221.4473995271867,0.03403667235506025,Waxman
580,43.00490677134446,2.1169450383769286,3,0.020164015913118043,0.4727658482694492,503.4932940791614,0.012181700075821722,Waxman
581,227.08301599390708,1.8269184329314732,2,0.0855550244803434,0.5474238918490635,769.5415079969536,0.02643227951340437,Waxman
582,8.515318146111548,3.577105781914657,7,0.0025112967083870817,0.28057786183419176,375.5941121460346,0.04429921886009894,Waxman
583,698.0783261802575,1.6252934373696954,2,0.1863579213083481,0.6154835299430961,1280.5391630901288,0.02755025909973181,Waxman
584,331.9177277179236,1.6745904630216435,2,0.16118125178351325,0.597402783187634,675.9588638589618,0.03694001969993562,Waxman
585,142.30148992112183,1.87841536356228,3,0.059637205367482155,0.5325112312985241,640.5349108968741,0.23046258783781928,Waxman
586,293.1924227318046,1.7073927916848257,2,0.14397035677852474,0.5860084978710243,647.5962113659023,0.07098864447109263,Waxman
587,1001.6077738515901,1.4097773872412551,2,0.2940060757772339,0.7099655430073238,1349.303886925795,0.027246373687261873,Waxman
588,234.01269841269843,1.8761742306474969,3,0.05970342524323456,0.5330935958835025,1061.488712522046,0.17612607148841525,Waxman
589,116.38841033672671,1.9088491100075362,3,0.04469426581789263,0.5238963731008418,696.1808927173062,0.027181021042772306,Waxman
590,808.0785313615502,1.5877150350196172,2,0.2045429751724576,0.6302496081997914,1384.039265680775,0.04693260946555889,Waxman
591,422.06290040768783,1.7540425988300188,2,0.12226775338348209,0.5701785052970515,1069.0314502038439,0.019210945312894755,Waxman
592,616.7684391080618,1.4705850308085306,2,0.26386915814739365,0.6803725243139375,890.8842195540309,0.017182463749374956,Waxman
593,109.46412037037037,1.941780463874413,3,0.030593499451254513,0.5150309853109055,916.7455632716051,0.09653320433607274,Waxman
594,330.3234501347709,1.8218320117935431,2,0.08852796541184964,0.5489277333214155,1092.1617250673855,0.011944001922898148,Waxman
595,19.15783664459161,2.830023903469477,4,0.004774711957915113,0.35357923764502736,666.4055371596803,-0.00786405950073878,Waxman
596,205.23646209386283,1.8146012085872965,2,0.09116023595178575,0.5511853506933678,656.1182310469314,0.0466472555183143,Waxman
597,363.5933280381255,1.7109750969490258,2,0.14106394499175237,0.5849361016410182,810.7966640190627,0.12300890243206024,Waxman
598,422.0378787878788,1.59996409593566,2,0.19849566757759682,0.6253752692517717,738.5189393939394,0.036062911662953036,Waxman
599,384.3518821603928,1.685215493726132,2,0.15661328499276117,0.5935043528049087,802.6759410801964,0.015082927294344912,Waxman
